<?xml version="1.0" encoding="UTF-8" ?>
<!DOCTYPE mapper
        PUBLIC "-//mybatis.org//DTD Mapper 3.0//EN"
        "http://mybatis.org/dtd/mybatis-3-mapper.dtd">
<mapper namespace="cn.xjnu.srms02.mapper.AwardMapper">

    <select id="getAwardById" resultType="cn.xjnu.srms02.bean.Award">
        select * from sr_award where author = #{tid} and status = 1
    </select>

    <insert id="insertAward">
        insert into sr_award(sr_name,project_class,
        project_rank,award_name,
        rank,author,authors,
        get_date,agency,description
      )
        values(
        #{sr_name},
        #{project_class},
        #{project_rank},
        #{award_name},
        #{rank},
        #{author},
        #{authors},
        #{get_date},
        #{agency},
        #{description}
       )
    </insert>

    <delete id="deleteAward">
        delete from sr_award where id = #{id}
    </delete>

    <insert id="insertAAward">
        insert into sr_award(id,sr_name,project_class,
        project_rank,award_name,
        rank,author,authors,
        get_date,agency,status
      )
        values(
        #{id},
        #{sr_name},
        #{project_class},
        #{project_rank},
        #{award_name},
        #{rank},
        #{author},
        #{authors},
        #{get_date},
        #{agency},
        1
       )
    </insert>

</mapper>