<?xml version="1.0" encoding="UTF-8" ?>
<!DOCTYPE mapper
        PUBLIC "-//mybatis.org//DTD Mapper 3.0//EN"
        "http://mybatis.org/dtd/mybatis-3-mapper.dtd">
<mapper namespace="cn.xjnu.srms02.mapper.CrosswiseTaskMapper">

    <select id="getCrosswiseTask" resultType="cn.xjnu.srms02.bean.CrosswiseTask">
        select * from apply_transverse_project where man_id = #{tid} and status = 1
    </select>

    <select id="getUnfinishedCrosswiseTask" resultType="cn.xjnu.srms02.bean.CrosswiseTask">
        select * from apply_transverse_project where man_id = #{tid} and status != 1
    </select>

    <select id="getAuthorId" parameterType="int" resultType="String">
        select man_id from apply_transverse_project where id = #{id}
    </select>

    <update id="updateCrosswiseTask" parameterType="int">
        update apply_transverse_project set status = 3 where id = #{id}
    </update>


    <insert id="insertCrosswiseTask">
        insert into apply_transverse_project(project_name,project_class,
        agency,manager,
        man_id,man_phone,man_mail,
        sign_date,start_date,end_date,user_name,
        user_address,user_manager,user_phone,user_mail,description
      )
        values(
        #{project_name},
        #{project_class},
        #{agency},
        #{manager},
        #{man_id},
        #{man_phone},
        #{man_mail},
        #{sign_date},
        #{start_date},
        #{end_date},
        #{user_name},
        #{user_address},
        #{user_manager},
        #{user_phone},
        #{user_mail},
        #{description}
       )
    </insert>

    <insert id="insert_CrosswiseTask">
        insert into apply_transverse_project(id,project_id,project_name,project_class,
        agency,manager,
        man_id,man_phone,man_mail,
        sign_date,start_date,end_date,user_name,
        user_address,user_manager,user_phone,user_mail,status,typeof
      )
        values(
        #{id},
        #{project_id},
        #{project_name},
        #{project_class},
        #{agency},
        #{manager},
        #{man_id},
        #{man_phone},
        #{man_mail},
        #{sign_date},
        #{start_date},
        #{end_date},
        #{user_name},
        #{user_address},
        #{user_manager},
        #{user_phone},
        #{user_mail},
        1,1
       )
    </insert>

    <insert id="insert_CollegeTask">
        insert into apply_transverse_project(id,project_id,project_name,project_class,
        agency,manager,
        man_id,man_phone,man_mail,
        status,typeof
      )
        values(
        #{id},
        #{project_id},
        #{project_name},
        #{project_class},
        #{agency},
        #{manager},
        #{man_id},
        #{man_phone},
        #{man_mail},
        1,2
       )
    </insert>
</mapper>