<?xml version="1.0" encoding="UTF-8" ?>
<!DOCTYPE mapper
        PUBLIC "-//mybatis.org//DTD Mapper 3.0//EN"
        "http://mybatis.org/dtd/mybatis-3-mapper.dtd">
<mapper namespace="cn.xjnu.srms02.mapper.LongitudinalTaskMapper">

    <select id="getLongitudinalTaskById" resultType="cn.xjnu.srms02.bean.LongitudinalTask">
        select * from apply_portrait_project where man_id = #{tid} and status = 1
    </select>

    <select id="getUnfinishedLongitudinalTaskById" resultType="cn.xjnu.srms02.bean.LongitudinalTask">
        select * from apply_portrait_project where man_id = #{tid} and status != 1
    </select>

    <update id="updateLongitudinalTask" parameterType="int">
        update apply_portrait_project set status = 3 where id = #{id}
    </update>

    <select id="getAuthorId" parameterType="int" resultType="String">
        select man_id from apply_portrait_project where id = #{id}
    </select>


    <insert id="insertLongitudinalTask">
        insert into apply_portrait_project(project_id,project_name,
        project_manager,man_id,
        man_phone,man_mail,participant,
        proxy,project_from,project_dept,project_rank,
        start_date,end_date,result,description
      )
        values(
        #{project_id},
        #{project_name},
        #{project_manager},
        #{man_id},
        #{man_phone},
        #{man_mail},
        #{participant},
        #{proxy},
        #{project_from},
        #{project_dept},
        #{project_rank},
        #{start_date},
        #{end_date},
        #{result},
        #{description}
       )
    </insert>

    <insert id="insert_LongitudinalTask">
        insert into apply_portrait_project(id,project_id,project_name,
        project_manager,man_id,
        man_phone,man_mail,participant,
        proxy,project_from,project_dept,project_rank,
        start_date,end_date,result,status
      )
        values(
        #{id},
        #{project_id},
        #{project_name},
        #{project_manager},
        #{man_id},
        #{man_phone},
        #{man_mail},
        #{participant},
        #{proxy},
        #{project_from},
        #{project_dept},
        #{project_rank},
        #{start_date},
        #{end_date},
        #{result},
        1
       )
    </insert>
</mapper>